{"IcoMoonType":"selection","icons":[{"icon":{"paths":["M512 1024c-282.784 0-512-229.216-512-512s229.216-512 512-512 512 229.216 512 512-229.216 512-512 512zM752.96 429.248l-45.6-205.248-89.504 141.248c-31.796-8.006-68.297-12.601-105.872-12.601s-74.077 4.594-108.974 13.252l3.102-0.651-89.248-141.248-45.76 205.248c-49.12 39.296-79.104 90.656-79.104 147.040 0 123.52 143.232 223.648 319.904 223.648s319.904-100.16 319.904-223.648c-0.032-56.384-29.76-107.744-78.88-147.040zM334.144 523.2h-21.312l52.064-60.032h37.888l-68.64 60.032zM510.272 669.888l-88.512-155.904 21.856-12.48 19.744 34.72h96.672l20.608-34.88 21.632 12.864-92 155.68zM689.888 523.2l-68.672-60.032h38.144l52 60.032h-21.472zM510.688 619.68l34.4-58.24h-67.456l33.056 58.24z"],"attrs":[{}],"isMulticolor":false,"isMulticolor2":false,"grid":0,"tags":["mona","coin"]},"attrs":[{}],"properties":{"order":2,"id":0,"name":"mona","prevSize":32,"code":59648},"setIdx":0,"setId":2,"iconIdx":0}],"height":1024,"metadata":{"name":"icomoon"},"preferences":{"showGlyphs":true,"showQuickUse":true,"showQuickUse2":true,"showSVGs":true,"fontPref":{"prefix":"icon-","metadata":{"fontFamily":"icomoon","majorVersion":1,"minorVersion":0},"metrics":{"emSize":1024,"baseline":6.25,"whitespace":50},"embed":false,"noie8":true,"ie7":false,"showSelector":false,"showMetrics":false,"showMetadata":false,"showVersion":false},"imagePref":{"prefix":"icon-","png":true,"useClassSelector":true,"color":0,"bgColor":16777215,"classSelector":".icon"},"historySize":50,"showCodes":true,"gridSize":16}}